<?xml version="1.0" encoding="iso-8859-1"?>
<ISO15745Profile xmlns="http://www.profibus.com/GSDML/2003/11/DeviceProfile" xmlns:xsi="http://www.w3.org/2001/XMLSchema-instance" xsi:schemaLocation="http://www.profibus.com/GSDML/2003/11/DeviceProfile ..\xsd\GSDML-DeviceProfile-V2.33.xsd">
	<!-- ProfileHeader Definition as defined in ISO15745-1. Please do not change the content. -->
	<ProfileHeader>
		<ProfileIdentification>PROFINET Device Profile</ProfileIdentification>
		<ProfileRevision>1.00</ProfileRevision>
		<ProfileName>Device Profile for PROFINET Devices</ProfileName>
		<ProfileSource>PROFIBUS Nutzerorganisation e. V. (PNO)</ProfileSource>
		<ProfileClassID>Device</ProfileClassID>
		<ISO15745Reference>
			<ISO15745Part>4</ISO15745Part>
			<ISO15745Edition>1</ISO15745Edition>
			<ProfileTechnology>GSDML</ProfileTechnology>
		</ISO15745Reference>
	</ProfileHeader>
	<ProfileBody>
		<DeviceIdentity VendorID="0x05EF" DeviceID="0x000F">
			<InfoText TextId="MD60"/>
			<VendorName Value="Kinco"/>
		</DeviceIdentity>
		<DeviceFunction>
			<Family MainFamily="Drives" ProductFamily="MD60"/>
		</DeviceFunction>
		<ApplicationProcess>
			<DeviceAccessPointList>

	            <!-- ============================================ -->
	            <!--                  DAP: MD60      (fits to example device code)          -->
	            <!-- ============================================ -->
				<DeviceAccessPointItem ID="MD60" PhysicalSlots="0..16" ModuleIdentNumber="0x00000003" MinDeviceInterval="4" ImplementationType="ERTEC200P" DNS_CompatibleName="MD60" FixedInSlots="0" ObjectUUID_LocalIndex="1" MultipleWriteSupported="true" SharedDeviceSupported="true" DeviceAccessSupported="true" NumberOfDeviceAccessAR="1" MaxSupportedRecordSize="8192" NameOfStationNotTransferable="true" ParameterizationSpeedupSupported="true" LLDP_NoD_Supported="true" ResetToFactoryModes="2" CheckDeviceID_Allowed="true" PowerOnToCommReady="490" IOXS_Required="false" RequiredSchemaVersion="V2.31" PNIO_Version="V2.31" AddressAssignment="LOCAL;DCP">
					<ModuleInfo CategoryRef="ID_MD60">
						<Name TextId="TOK_MD60"/>
						<InfoText TextId="TOK_ModInfo_InfoTextId_MD60"/>
						<VendorName Value="Kinco"/>
						<OrderNumber Value="0"/>
						<!-- optional keyword:  <HardwareRelease Value="0002"/>    -->
						<!-- optional keyword:  <SoftwareRelease Value="V4.3" />  -->
					</ModuleInfo>
					<CertificationInfo ConformanceClass="C" ApplicationClass="Isochronous;HighPerformance" NetloadClass="III"/>
					<SubslotList>
						<SubslotItem SubslotNumber="32768" TextId="TOK_Subslot_8000"/>
						<SubslotItem SubslotNumber="32769" TextId="TOK_Subslot_8001"/>
						<SubslotItem SubslotNumber="32770" TextId="TOK_Subslot_8002"/>
					</SubslotList>
					<IOConfigData MaxInputLength="1440" MaxOutputLength="1440"/>
					<UseableModules>
						<ModuleItemRef ModuleItemTarget="ID_Mod_PD" AllowedInSlots="1..16"/>
					</UseableModules>
					<VirtualSubmoduleList>
						<VirtualSubmoduleItem ID="MD60" SubmoduleIdentNumber="0x0001" Writeable_IM_Records="1 2 3 4" IM5_Supported="true" MayIssueProcessAlarm="false">
							<IOData/> <ModuleInfo><Name TextId="TOK_MD60"/><InfoText TextId="TOK_ModInfo_InfoTextId_MD60"/></ModuleInfo>
						</VirtualSubmoduleItem>
					</VirtualSubmoduleList>
					<SystemDefinedSubmoduleList>
						<InterfaceSubmoduleItem ID="IDS_3I" SubslotNumber="32768" SubmoduleIdentNumber="0x0002" IsochroneModeSupported="true" IsochroneModeInRT_Classes="RT_CLASS_3" SupportedRT_Classes="RT_CLASS_1;RT_CLASS_3" TextId="TOK_DAP_InterfaceModule" SupportedProtocols="SNMP;LLDP" NetworkComponentDiagnosisSupported="true" PTP_BoundarySupported="true" DCP_BoundarySupported="true" MulticastBoundarySupported="true" DCP_HelloSupported="true" MaxFrameStartTime="1600" MinNRT_Gap="960" DelayMeasurementSupported="true" Writeable_IM_Records="1 2 3 4" IM5_Supported="true">						
							<RT_Class3Properties ForwardingMode="Absolute;Relative" MaxBridgeDelay="2088" MaxBridgeDelayFFW="1024" MaxRangeIR_FrameID="1024" MaxNumberIR_FrameData="1024" StartupMode="Legacy;Advanced" MaxDFP_Frames="1" MaxDFP_Feed="340" AlignDFP_Subframes="false" FragmentationType="Dynamic" MaxRedPeriodLength="4000" MinFSO="1760" MinRTC3_Gap="1120" MinYellowTime="10240" YellowSafetyMargin="160" DFP_OutboundTruncationSupported="false" MaxRetentionTime="30000"/>
							<SynchronisationMode SupportedRole="SyncSlave" MaxLocalJitter="300" T_PLL_MAX="1000" SupportedSyncProtocols="PTCP" PeerToPeerJitter="250"/>
							<ApplicationRelations NumberOfAR="4" StartupMode="Legacy;Advanced" NumberOfAdditionalInputCR="0" NumberOfAdditionalMulticastProviderCR="0" NumberOfAdditionalOutputCR="0" NumberOfMulticastConsumerCR="0" PullModuleAlarmSupported="true">
                <!-- ReductionRatio="1 2 4 8 16 32 64 128 256 512 1024 2048 4096 8192 16384" /> --><TimingProperties ReductionRatio="1 2 4 8 16 32 64 128 256 512" SendClock="8 16 32 64 128"/>
                <RT_Class3TimingProperties ReductionRatioPow2="2 4 8 16" SendClock="4 6 8 12 16 20 24 28 32 36 40 44 48 52 56 60 64 68 72 76 80 84 88 92 96 100 104 108 112 116 120 124 128" ReductionRatio="1"/>
							</ApplicationRelations>
                            <MediaRedundancy SupportedRole="Client" MRPD_Supported="true"/>
						</InterfaceSubmoduleItem>
						<PortSubmoduleItem ID="IDS_3P1" SubslotNumber="32769" SubmoduleIdentNumber="0x0003" TextId="TOK_Port1" MaxPortRxDelay="198" MaxPortTxDelay="6" IsDefaultRingport="true" MAUType="100BASETXFD" MAUTypes="16" PortDeactivationSupported="true" LinkStateDiagnosisCapability="Up+Down" ShortPreamble100MBitSupported="true" CheckMAUTypeSupported="true" CheckMAUTypeDifferenceSupported="true" Writeable_IM_Records="1 2 3 4" IM5_Supported="true">
							<MAUTypeList>
								<MAUTypeItem Value="16" AdjustSupported="true"/>
							</MAUTypeList>
						 </PortSubmoduleItem>
						<PortSubmoduleItem ID="IDS_3P2" SubslotNumber="32770" SubmoduleIdentNumber="0x0003" TextId="TOK_Port2" MaxPortRxDelay="198" MaxPortTxDelay="6" IsDefaultRingport="true" MAUType="100BASETXFD" MAUTypes="16" PortDeactivationSupported="true" LinkStateDiagnosisCapability="Up+Down" ShortPreamble100MBitSupported="true" CheckMAUTypeSupported="true" CheckMAUTypeDifferenceSupported="true" Writeable_IM_Records="1 2 3 4" IM5_Supported="true">
							<MAUTypeList>
								<MAUTypeItem Value="16" AdjustSupported="true"/>
							</MAUTypeList>
						 </PortSubmoduleItem>
					</SystemDefinedSubmoduleList>
					<Graphics>
						<GraphicItemRef Type="DeviceSymbol" GraphicItemTarget="ID_Graph_3"/>
					</Graphics>
				</DeviceAccessPointItem>								
			</DeviceAccessPointList>
	        <!-- ============================================ -->
	        <!--            List of modules                   -->
	        <!-- ============================================ -->
			<ModuleList>              				
                    <!-- ========================================================= -->
	            <!--  PROFIdrive Module Access Point AC4  ModuleID 0x00004401  -->
	            <!-- ========================================================= -->
				<ModuleItem ID="ID_Mod_PD" ModuleIdentNumber="0x00004401" PhysicalSubslots="2">
					<ModuleInfo>
						<Name TextId="TOK_TextId_Module_PROFIdrive" />
						<InfoText TextId="TOK_InfoTextId_Module_PROFIdrive" />
						<!-- optional keyword:  <HardwareRelease Value="0002" />   -->
						<!-- optional keyword:  <SoftwareRelease Value="V4.3" />  -->
					</ModuleInfo>
					<VirtualSubmoduleList>
						<VirtualSubmoduleItem ID="PROFIdrive_PAP" SubmoduleIdentNumber="0x0000FFFF" API="14848" FixedInSubslots="1" MayIssueProcessAlarm="false">
							<IOData/>
							<ModuleInfo>
								<Name TextId="TOK_TextId_PROFIdrive_PAP" />
								<InfoText TextId="TOK_InfoTextId_PROFIdrive_PAP" />
							</ModuleInfo>
						</VirtualSubmoduleItem>
					</VirtualSubmoduleList>
					<UseableSubmodules>
						<SubmoduleItemRef SubmoduleItemTarget="ID_PROFIdrive_ST1" AllowedInSubslots="2" />
						<SubmoduleItemRef SubmoduleItemTarget="ID_PROFIdrive_ST3" AllowedInSubslots="2" UsedInSubslots="2"/>
						<SubmoduleItemRef SubmoduleItemTarget="ID_PROFIdrive_ST7" AllowedInSubslots="2" />
						<SubmoduleItemRef SubmoduleItemTarget="ID_PROFIdrive_ST9" AllowedInSubslots="2" />
						<SubmoduleItemRef SubmoduleItemTarget="ID_PROFIdrive_ST102" AllowedInSubslots="2" />
						<SubmoduleItemRef SubmoduleItemTarget="ID_PROFIdrive_ST110" AllowedInSubslots="2"/>
						<SubmoduleItemRef SubmoduleItemTarget="ID_PROFIdrive_ST111" AllowedInSubslots="2"/>
					</UseableSubmodules>
				</ModuleItem>
			</ModuleList>	            
			
                <!-- ============================================ -->
	        <!--            List of submodules                -->
	        <!-- ============================================ -->
			<SubmoduleList>
	            <!-- ======================================================== -->
	            <!--  PROFIdrive Standard Telegram 1  SubModuleID 0x00000001  -->
	            <!-- ======================================================== -->
				<SubmoduleItem ID="ID_PROFIdrive_ST1" SubmoduleIdentNumber="0x00000001" API="14848" MayIssueProcessAlarm="false">
					<IOData>
						<Input Consistency="All items consistency">
							<DataItem DataType="Unsigned16" TextId="IDT_DATAITEM_ACTVAL"/>
							<DataItem DataType="Unsigned16" TextId="IDT_DATAITEM_ACTVAL"/>
						</Input>
						<Output Consistency="All items consistency">
							<DataItem DataType="Unsigned16" TextId="IDT_DATAITEM_REFVAL" />
							<DataItem DataType="Unsigned16" TextId="IDT_DATAITEM_REFVAL" />
						</Output>
					</IOData>
					<ModuleInfo>
						<Name TextId="PROFIdrive_ST1_Name"/>
						<InfoText TextId="PROFIdrive_ST1_Info"/>
					</ModuleInfo>
				</SubmoduleItem>	            
	            <!-- ======================================================== -->
	            <!--  PROFIdrive Standard Telegram 3  SubModuleID 0x00000003  -->
	            <!-- ======================================================== -->
				<SubmoduleItem ID="ID_PROFIdrive_ST3" SubmoduleIdentNumber="0x00000003" API="14848" MayIssueProcessAlarm="false">
					<IOData>
						<Input Consistency="All items consistency">							
							<DataItem DataType="Unsigned16" TextId="IDT_DATAITEM_ACTVAL"/>
							<DataItem DataType="Unsigned16" TextId="IDT_DATAITEM_ACTVAL"/>
							<DataItem DataType="Unsigned16" TextId="IDT_DATAITEM_ACTVAL"/>
							<DataItem DataType="Unsigned16" TextId="IDT_DATAITEM_ACTVAL"/>
							<DataItem DataType="Unsigned16" TextId="IDT_DATAITEM_ACTVAL"/>
							<DataItem DataType="Unsigned16" TextId="IDT_DATAITEM_ACTVAL"/>
							<DataItem DataType="Unsigned16" TextId="IDT_DATAITEM_ACTVAL"/>
							<DataItem DataType="Unsigned16" TextId="IDT_DATAITEM_ACTVAL"/>
							<DataItem DataType="Unsigned16" TextId="IDT_DATAITEM_ACTVAL"/>
						</Input>
						<Output Consistency="All items consistency">							
							<DataItem DataType="Unsigned16" TextId="IDT_DATAITEM_REFVAL" />
							<DataItem DataType="Unsigned16" TextId="IDT_DATAITEM_REFVAL" />
							<DataItem DataType="Unsigned16" TextId="IDT_DATAITEM_REFVAL" />
							<DataItem DataType="Unsigned16" TextId="IDT_DATAITEM_REFVAL" />
							<DataItem DataType="Unsigned16" TextId="IDT_DATAITEM_REFVAL" />
						</Output>
					</IOData>
					<ModuleInfo>
						<Name TextId="PROFIdrive_ST3_Name"/>
						<InfoText TextId="PROFIdrive_ST3_Info"/>
					</ModuleInfo>
					<IsochroneMode IsochroneModeRequired="false" T_DC_Base="8" T_DC_Max="16" T_DC_Min="2" T_IO_Base="125000" T_IO_InputMin="1" T_IO_OutputMin="1"/>
				</SubmoduleItem>
		    <!-- ======================================================== -->
	            <!--  PROFIdrive Standard Telegram 7  SubModuleID 0x00000007  -->
	            <!-- ======================================================== -->
				<SubmoduleItem ID="ID_PROFIdrive_ST7" SubmoduleIdentNumber="0x00000007" API="14848" MayIssueProcessAlarm="false">
					<IOData>
						<Input Consistency="All items consistency">							
							<DataItem DataType="Unsigned16" TextId="IDT_DATAITEM_ACTVAL"/>
							<DataItem DataType="Unsigned16" TextId="IDT_DATAITEM_ACTVAL"/>
						</Input>
						<Output Consistency="All items consistency">							
							<DataItem DataType="Unsigned16" TextId="IDT_DATAITEM_REFVAL" />
							<DataItem DataType="Unsigned16" TextId="IDT_DATAITEM_REFVAL" />
						</Output>
					</IOData>
					<ModuleInfo>
						<Name TextId="PROFIdrive_ST7_Name"/>
						<InfoText TextId="PROFIdrive_ST7_Info"/>
					</ModuleInfo>
				</SubmoduleItem>
		    <!-- ======================================================== -->
	            <!--  PROFIdrive Standard Telegram 9  SubModuleID 0x00000009  -->
	            <!-- ======================================================== -->
				<SubmoduleItem ID="ID_PROFIdrive_ST9" SubmoduleIdentNumber="0x00000009" API="14848" MayIssueProcessAlarm="false">
					<IOData>
						<Input Consistency="All items consistency">							
							<DataItem DataType="Unsigned16" TextId="IDT_DATAITEM_ACTVAL"/>
							<DataItem DataType="Unsigned16" TextId="IDT_DATAITEM_ACTVAL"/>
							<DataItem DataType="Unsigned16" TextId="IDT_DATAITEM_ACTVAL"/>
							<DataItem DataType="Unsigned16" TextId="IDT_DATAITEM_ACTVAL"/>
							<DataItem DataType="Unsigned16" TextId="IDT_DATAITEM_ACTVAL"/>
						</Input>
						<Output Consistency="All items consistency">							
							<DataItem DataType="Unsigned16" TextId="IDT_DATAITEM_REFVAL" />
							<DataItem DataType="Unsigned16" TextId="IDT_DATAITEM_REFVAL" />
							<DataItem DataType="Unsigned16" TextId="IDT_DATAITEM_REFVAL" />
							<DataItem DataType="Unsigned16" TextId="IDT_DATAITEM_REFVAL" />
							<DataItem DataType="Unsigned16" TextId="IDT_DATAITEM_REFVAL" />
							<DataItem DataType="Unsigned16" TextId="IDT_DATAITEM_REFVAL" />
							<DataItem DataType="Unsigned16" TextId="IDT_DATAITEM_REFVAL" />
							<DataItem DataType="Unsigned16" TextId="IDT_DATAITEM_REFVAL" />
							<DataItem DataType="Unsigned16" TextId="IDT_DATAITEM_REFVAL" />
							<DataItem DataType="Unsigned16" TextId="IDT_DATAITEM_REFVAL" />
						</Output>
					</IOData>
					<ModuleInfo>
						<Name TextId="PROFIdrive_ST9_Name"/>
						<InfoText TextId="PROFIdrive_ST9_Info"/>
					</ModuleInfo>
					<IsochroneMode IsochroneModeRequired="false" T_DC_Base="8" T_DC_Max="16" T_DC_Min="2" T_IO_Base="125000" T_IO_InputMin="1" T_IO_OutputMin="1"/>
				</SubmoduleItem>
<!-- ======================================================== -->
	            <!--  PROFIdrive Standard Telegram 102  SubModuleID 0x00000066  -->
	            <!-- ======================================================== -->
				<SubmoduleItem ID="ID_PROFIdrive_ST102" SubmoduleIdentNumber="0x00000066" API="14848" MayIssueProcessAlarm="false">
					<IOData>
						<Input Consistency="All items consistency">							
							<DataItem DataType="Unsigned16" TextId="IDT_DATAITEM_ACTVAL"/>
							<DataItem DataType="Unsigned16" TextId="IDT_DATAITEM_ACTVAL"/>
							<DataItem DataType="Unsigned16" TextId="IDT_DATAITEM_ACTVAL"/>
							<DataItem DataType="Unsigned16" TextId="IDT_DATAITEM_ACTVAL"/>
							<DataItem DataType="Unsigned16" TextId="IDT_DATAITEM_ACTVAL"/>
							<DataItem DataType="Unsigned16" TextId="IDT_DATAITEM_ACTVAL"/>
							<DataItem DataType="Unsigned16" TextId="IDT_DATAITEM_ACTVAL"/>
							<DataItem DataType="Unsigned16" TextId="IDT_DATAITEM_ACTVAL"/>
							<DataItem DataType="Unsigned16" TextId="IDT_DATAITEM_ACTVAL"/>
							<DataItem DataType="Unsigned16" TextId="IDT_DATAITEM_ACTVAL"/>
						</Input>
						<Output Consistency="All items consistency">							
							<DataItem DataType="Unsigned16" TextId="IDT_DATAITEM_REFVAL" />
							<DataItem DataType="Unsigned16" TextId="IDT_DATAITEM_REFVAL" />
							<DataItem DataType="Unsigned16" TextId="IDT_DATAITEM_REFVAL" />
							<DataItem DataType="Unsigned16" TextId="IDT_DATAITEM_REFVAL" />
							<DataItem DataType="Unsigned16" TextId="IDT_DATAITEM_REFVAL" />
							<DataItem DataType="Unsigned16" TextId="IDT_DATAITEM_REFVAL" />							
						</Output>
					</IOData>
					<ModuleInfo>
						<Name TextId="PROFIdrive_ST102_Name"/>
						<InfoText TextId="PROFIdrive_ST102_Info"/>
					</ModuleInfo>
					<IsochroneMode IsochroneModeRequired="false" T_DC_Base="8" T_DC_Max="16" T_DC_Min="2" T_IO_Base="125000" T_IO_InputMin="1" T_IO_OutputMin="1"/>
				</SubmoduleItem>	
		    <!-- ======================================================== -->
	            <!--  PROFIdrive Standard Telegram 110  SubModuleID 0x0000006E  -->
	            <!-- ======================================================== -->
				<SubmoduleItem ID="ID_PROFIdrive_ST110" SubmoduleIdentNumber="0x0000006E" API="14848" MayIssueProcessAlarm="false">
					<IOData>
						<Input Consistency="All items consistency">							
							<DataItem DataType="Unsigned16" TextId="IDT_DATAITEM_ACTVAL"/>
							<DataItem DataType="Unsigned16" TextId="IDT_DATAITEM_ACTVAL"/>
							<DataItem DataType="Unsigned16" TextId="IDT_DATAITEM_ACTVAL"/>
							<DataItem DataType="Unsigned16" TextId="IDT_DATAITEM_ACTVAL"/>
							<DataItem DataType="Unsigned16" TextId="IDT_DATAITEM_ACTVAL"/>
							<DataItem DataType="Unsigned16" TextId="IDT_DATAITEM_ACTVAL"/>
							<DataItem DataType="Unsigned16" TextId="IDT_DATAITEM_ACTVAL"/>
						</Input>
						<Output Consistency="All items consistency">							
							<DataItem DataType="Unsigned16" TextId="IDT_DATAITEM_REFVAL" />
							<DataItem DataType="Unsigned16" TextId="IDT_DATAITEM_REFVAL" />
							<DataItem DataType="Unsigned16" TextId="IDT_DATAITEM_REFVAL" />
							<DataItem DataType="Unsigned16" TextId="IDT_DATAITEM_REFVAL" />
							<DataItem DataType="Unsigned16" TextId="IDT_DATAITEM_REFVAL" />
							<DataItem DataType="Unsigned16" TextId="IDT_DATAITEM_REFVAL" />
							<DataItem DataType="Unsigned16" TextId="IDT_DATAITEM_REFVAL" />
							<DataItem DataType="Unsigned16" TextId="IDT_DATAITEM_REFVAL" />
							<DataItem DataType="Unsigned16" TextId="IDT_DATAITEM_REFVAL" />
							<DataItem DataType="Unsigned16" TextId="IDT_DATAITEM_REFVAL" />
							<DataItem DataType="Unsigned16" TextId="IDT_DATAITEM_REFVAL" />
							<DataItem DataType="Unsigned16" TextId="IDT_DATAITEM_REFVAL" />
						</Output>
					</IOData>
					<ModuleInfo>
						<Name TextId="PROFIdrive_ST110_Name"/>
						<InfoText TextId="PROFIdrive_ST110_Info"/>
					</ModuleInfo>
					<IsochroneMode IsochroneModeRequired="false" T_DC_Base="8" T_DC_Max="16" T_DC_Min="2" T_IO_Base="125000" T_IO_InputMin="1" T_IO_OutputMin="1"/>
				</SubmoduleItem>				
				
		    <!-- ======================================================== -->
	            <!--  PROFIdrive Standard Telegram 111  SubModuleID 0x0000006F  -->
	            <!-- ======================================================== -->
				<SubmoduleItem ID="ID_PROFIdrive_ST111" SubmoduleIdentNumber="0x0000006F" API="14848" MayIssueProcessAlarm="false">
					<IOData>
						<Input Consistency="All items consistency">							
							<DataItem DataType="Unsigned16" TextId="IDT_DATAITEM_ACTVAL"/>
							<DataItem DataType="Unsigned16" TextId="IDT_DATAITEM_ACTVAL"/>
							<DataItem DataType="Unsigned16" TextId="IDT_DATAITEM_ACTVAL"/>
							<DataItem DataType="Unsigned16" TextId="IDT_DATAITEM_ACTVAL"/>
							<DataItem DataType="Unsigned16" TextId="IDT_DATAITEM_ACTVAL"/>
							<DataItem DataType="Unsigned16" TextId="IDT_DATAITEM_ACTVAL"/>
							<DataItem DataType="Unsigned16" TextId="IDT_DATAITEM_ACTVAL"/>
							<DataItem DataType="Unsigned16" TextId="IDT_DATAITEM_ACTVAL"/>
							<DataItem DataType="Unsigned16" TextId="IDT_DATAITEM_ACTVAL"/>
							<DataItem DataType="Unsigned16" TextId="IDT_DATAITEM_ACTVAL"/>
							<DataItem DataType="Unsigned16" TextId="IDT_DATAITEM_ACTVAL"/>
							<DataItem DataType="Unsigned16" TextId="IDT_DATAITEM_ACTVAL"/>
						</Input>
						<Output Consistency="All items consistency">							
							<DataItem DataType="Unsigned16" TextId="IDT_DATAITEM_REFVAL" />
							<DataItem DataType="Unsigned16" TextId="IDT_DATAITEM_REFVAL" />
							<DataItem DataType="Unsigned16" TextId="IDT_DATAITEM_REFVAL" />
							<DataItem DataType="Unsigned16" TextId="IDT_DATAITEM_REFVAL" />
							<DataItem DataType="Unsigned16" TextId="IDT_DATAITEM_REFVAL" />
							<DataItem DataType="Unsigned16" TextId="IDT_DATAITEM_REFVAL" />
							<DataItem DataType="Unsigned16" TextId="IDT_DATAITEM_REFVAL" />
							<DataItem DataType="Unsigned16" TextId="IDT_DATAITEM_REFVAL" />
							<DataItem DataType="Unsigned16" TextId="IDT_DATAITEM_REFVAL" />
							<DataItem DataType="Unsigned16" TextId="IDT_DATAITEM_REFVAL" />
							<DataItem DataType="Unsigned16" TextId="IDT_DATAITEM_REFVAL" />
							<DataItem DataType="Unsigned16" TextId="IDT_DATAITEM_REFVAL" />							
						</Output>
					</IOData>
					<ModuleInfo>
						<Name TextId="PROFIdrive_ST111_Name"/>
						<InfoText TextId="PROFIdrive_ST111_Info"/>
					</ModuleInfo>
					<IsochroneMode IsochroneModeRequired="false" T_DC_Base="8" T_DC_Max="16" T_DC_Min="2" T_IO_Base="125000" T_IO_InputMin="1" T_IO_OutputMin="1"/>
				</SubmoduleItem>
			</SubmoduleList>	            
				
	        <!-- ============================================ -->
	        <!--       Channel diagnosis list                 -->
	        <!-- ============================================ -->
			<ChannelDiagList>
			        <ProfileChannelDiagItem API="14848" ErrorType="36864">
					<Name TextId="TOK_Name_ErrorType1"/>
					<Help TextId="TOK_HelpName_ErrorType1"/>
				</ProfileChannelDiagItem>
				<ProfileChannelDiagItem API="14848" ErrorType="36865">
					<Name TextId="TOK_Name_ErrorType2"/>
					<Help TextId="TOK_HelpName_ErrorType2"/>
				</ProfileChannelDiagItem>
				<ProfileChannelDiagItem API="14848" ErrorType="36866">
					<Name TextId="TOK_Name_ErrorType3"/>
					<Help TextId="TOK_HelpName_ErrorType3"/>
				</ProfileChannelDiagItem>
				<ProfileChannelDiagItem API="14848" ErrorType="36867">
					<Name TextId="TOK_Name_ErrorType4"/>
					<Help TextId="TOK_HelpName_ErrorType4"/>
				</ProfileChannelDiagItem>
				<ProfileChannelDiagItem API="14848" ErrorType="36868">
					<Name TextId="TOK_Name_ErrorType5"/>
					<Help TextId="TOK_HelpName_ErrorType5"/>
				</ProfileChannelDiagItem>
				<ProfileChannelDiagItem API="14848" ErrorType="36869">
					<Name TextId="TOK_Name_ErrorType6"/>
					<Help TextId="TOK_HelpName_ErrorType6"/>
				</ProfileChannelDiagItem>
				<ProfileChannelDiagItem API="14848" ErrorType="36870">
					<Name TextId="TOK_Name_ErrorType7"/>
					<Help TextId="TOK_HelpName_ErrorType7"/>
				</ProfileChannelDiagItem>
				<ProfileChannelDiagItem API="14848" ErrorType="36871">
					<Name TextId="TOK_Name_ErrorType8"/>
					<Help TextId="TOK_HelpName_ErrorType8"/>
				</ProfileChannelDiagItem>
				<ProfileChannelDiagItem API="14848" ErrorType="36872">
					<Name TextId="TOK_Name_ErrorType9"/>
					<Help TextId="TOK_HelpName_ErrorType9"/>
				</ProfileChannelDiagItem>
				<ProfileChannelDiagItem API="14848" ErrorType="36873">
					<Name TextId="TOK_Name_ErrorType10"/>
					<Help TextId="TOK_HelpName_ErrorType10"/>
				</ProfileChannelDiagItem>
				<ProfileChannelDiagItem API="14848" ErrorType="36874">
					<Name TextId="TOK_Name_ErrorType11"/>
					<Help TextId="TOK_HelpName_ErrorType11"/>
				</ProfileChannelDiagItem>
				<ProfileChannelDiagItem API="14848" ErrorType="36875">
					<Name TextId="TOK_Name_ErrorType12"/>
					<Help TextId="TOK_HelpName_ErrorType12"/>
				</ProfileChannelDiagItem>
				<ProfileChannelDiagItem API="14848" ErrorType="36876">
					<Name TextId="TOK_Name_ErrorType13"/>
					<Help TextId="TOK_HelpName_ErrorType13"/>
				</ProfileChannelDiagItem>
				<ProfileChannelDiagItem API="14848" ErrorType="36877">
					<Name TextId="TOK_Name_ErrorType14"/>
					<Help TextId="TOK_HelpName_ErrorType14"/>
				</ProfileChannelDiagItem>
				<ProfileChannelDiagItem API="14848" ErrorType="36878">
					<Name TextId="TOK_Name_ErrorType15"/>
					<Help TextId="TOK_HelpName_ErrorType15"/>
				</ProfileChannelDiagItem>
				<ProfileChannelDiagItem API="14848" ErrorType="36879">
					<Name TextId="TOK_Name_ErrorType16"/>
					<Help TextId="TOK_HelpName_ErrorType16"/>
				</ProfileChannelDiagItem>
				<ProfileChannelDiagItem API="14848" ErrorType="36880">
					<Name TextId="TOK_Name_ErrorType17"/>
					<Help TextId="TOK_HelpName_ErrorType17"/>
				</ProfileChannelDiagItem>
				<ProfileChannelDiagItem API="14848" ErrorType="36881">
					<Name TextId="TOK_Name_ErrorType18"/>
					<Help TextId="TOK_HelpName_ErrorType18"/>
				</ProfileChannelDiagItem>
				<ProfileChannelDiagItem API="14848" ErrorType="36882">
					<Name TextId="TOK_Name_ErrorType19"/>
					<Help TextId="TOK_HelpName_ErrorType19"/>
				</ProfileChannelDiagItem>
				<ProfileChannelDiagItem API="14848" ErrorType="36883">
					<Name TextId="TOK_Name_ErrorType20"/>
					<Help TextId="TOK_HelpName_ErrorType20"/>
				</ProfileChannelDiagItem>
			</ChannelDiagList>
			<GraphicsList>
				<GraphicItem ID="ID_Graph_1" GraphicFile="GSDML-002A-0008-ERTEC200P_EvalKit_DAP1"/>
				<GraphicItem ID="ID_Graph_2" GraphicFile="GSDML-002A-0008-ERTEC200P_EvalKit_DAP2"/>
				<GraphicItem ID="ID_Graph_3" GraphicFile="GSDML-002A-0008-ERTEC200P_EvalKit_DAP3"/>
				<GraphicItem ID="ID_Graph_4" GraphicFile="GSDML-002A-0008-ERTEC200P_EvalKit_DAP4"/>
				<GraphicItem ID="ID_Graph_5" GraphicFile="GSDML-002A-0008-ERTEC200P_EvalKit_DAP5"/>
				<GraphicItem ID="ID_Graph_6" GraphicFile="GSDML-002A-0008-ERTEC200P_EvalKit_DAP6"/>
				<GraphicItem ID="ID_Graph_7" GraphicFile="GSDML-002A-0008-ERTEC200P_EvalKit_DAP7"/>
			</GraphicsList>
			<CategoryList>
				<CategoryItem ID="ID_MD60" TextId="TOK_MD60"/>
			</CategoryList>
	        <!-- ============================================ -->
	        <!--     language dependent text lists            -->
	        <!-- ============================================ -->
			<ExternalTextList>
	            <!-- ============================= -->
	            <!--    primary language: english  -->
	            <!-- ============================= -->
				<PrimaryLanguage>
					<Text TextId="MD60" Value="MD60"/>
					<Text TextId="Kinco" Value="Kinco"/>		
					<!--DAP - MD60-->				
					<Text TextId="TOK_MD60" Value="MD60"/>										
					<Text TextId="TOK_ModInfo_InfoTextId_MD60" Value="Kinco Driver MD60 profinet, shared device"/>										
					<!--port name-->
					<Text TextId="TOK_Subslot_8000" Value="X1"/>
					<Text TextId="TOK_Subslot_8001" Value="X1 P1"/>
					<Text TextId="TOK_Subslot_8002" Value="X1 P2"/>
					<Text TextId="TOK_DAP_InterfaceModule" Value="Interface"/>
					<Text TextId="TOK_Port1" Value="Port 1"/>
					<Text TextId="TOK_Port2" Value="Port 2"/>
					<!--module name-->
					<Text TextId="TOK_TextId_Module_PROFIdrive" Value="PROFIdrive Module" />
					<Text TextId="TOK_TextId_PROFIdrive_PAP" Value="Parameter Access Point" />
					<!--module info name-->
					<Text TextId="TOK_InfoTextId_Module_PROFIdrive" Value="PROFIdrive Drive object (DO)"/>
					<Text TextId="TOK_InfoTextId_PROFIdrive_PAP" Value="Access point to the parameters of the drive object (DO)"/>
					<!--submodule name-->
					<Text TextId="ID_PROFIdrive_ST1" Value="Standard Telegram 1"/>
					<Text TextId="PROFIdrive_ST1_Name" Value="Standard Telegram 1,PZD-2/2"/>
					<Text TextId="ID_PROFIdrive_ST3" Value="Standard Telegram 3"/>
					<Text TextId="PROFIdrive_ST3_Name" Value="Standard Telegram 3,PZD-5/9"/>
					<Text TextId="ID_PROFIdrive_ST7" Value="Standard telegram 7"/>
                                        <Text TextId="PROFIdrive_ST7_Name" Value="Standard telegram 7, PZD-2/2"/>	
                                        <Text TextId="ID_PROFIdrive_ST9" Value="Standard telegram 9"/>
                                        <Text TextId="PROFIdrive_ST9_Name" Value="Standard telegram 9, PZD-10/5" />
                                        <Text TextId="ID_PROFIdrive_ST102" Value="Standard telegram 102"/>
                                        <Text TextId="PROFIdrive_ST102_Name" Value="Standard telegram 102, PZD-6/10" />
                                        <Text TextId="ID_PROFIdrive_ST110" Value="Standard telegram 110" />
                                        <Text TextId="PROFIdrive_ST110_Name" Value="Standard telegram 110, PZD-12/7"/>
					<Text TextId="ID_PROFIdrive_ST111" Value="Standard Telegram 111"/>
					<Text TextId="PROFIdrive_ST111_Name" Value="Standard Telegram 111,PZD-12/12"/>				
					<!--submodule info name-->
					<Text TextId="PROFIdrive_ST1_Info" Value="Standard Telegram 1: Closed-loop speed control, PZD length 2/2 words"/>
					<Text TextId="PROFIdrive_ST3_Info" Value="Standard Telegram 3: Closed-loop speed control plus 1 position encoder, PZD length 5/9 words"/>
					<Text TextId="PROFIdrive_ST7_Info" Value="Standard telegram 7: Positioning, PZD length 2/2 words" />	
					<Text TextId="PROFIdrive_ST9_Info" Value="Standard telegram 9: Positioning, PZD length 10/5 words" />
					<Text TextId="PROFIdrive_ST102_Info" Value="Standard telegram 102: Positioning, PZD length 6/10 words" />
					<Text TextId="PROFIdrive_ST110_Info" Value="Standard telegram 110: Positioning, PZD length 12/7 words" />
					<Text TextId="PROFIdrive_ST111_Info" Value="Standard Telegram 111: Positioning, incl. MDI, PZD length 12/12 words"/>				
					<!--dataitem name-->
                                        <Text TextId="IDT_DATAITEM_ACTVAL" Value="Status word or actual value"/>
                                        <Text TextId="IDT_DATAITEM_REFVAL" Value="Control word or setpoint"/>			
					<!--errortype name-->
					<Text TextId="TOK_Name_ErrorType1" Value="Extended Error" />
                                        <Text TextId="TOK_HelpName_ErrorType1" Value="Uncommon errors, please use kincoservo+ for details or contact customer service." />
                                        
                                        <Text TextId="TOK_Name_ErrorType2" Value="Encoder ABZ/UVW Error" />
                                        <Text TextId="TOK_HelpName_ErrorType2" Value="Incremental encoder motor: Encoder ABZ/UVW wiring is wrong or disconnected. Magnetoelectric encoder motor: The encoder wiring is incorrect or disconnected or encoder is broken. Check encoder cable is correctly connected Check if corresponding pins of encoder cable is on (refer servo product menu) Change motor." />
                                        
                                        <Text TextId="TOK_Name_ErrorType3" Value="Encoder count wrong or Encoder CRC" />
                                        <Text TextId="TOK_HelpName_ErrorType3" Value="Encoder may be interfered. 1.Check encoder cable is correctly connected (different from motor PE cable). 2.Make sure the equipment is well grounded 3.Use isolated power supply to provide power." />
                                        
                                        <Text TextId="TOK_Name_ErrorType4" Value="Controller temperature too high" />
                                        <Text TextId="TOK_HelpName_ErrorType4" Value="The temperature of controller's power module has reached the alarm value. Add fan,improve the cooling environment of the controller. Add driver installment distance Vertically install driver." />
                                        
                                        <Text TextId="TOK_Name_ErrorType5" Value="Over voltage" />
                                        <Text TextId="TOK_HelpName_ErrorType5" Value="Supply power voltage exceeds the allowable input voltage range. In case of emergency stop, there is no external braking resistor or braking. Brake resistor is not configured" />
                                        
                                        <Text TextId="TOK_Name_ErrorType6" Value="Under voltage" />
                                        <Text TextId="TOK_HelpName_ErrorType6" Value="The power voltage input is lower than the low voltage protection alarm value. Check if power supply output power can meet with the requirement Change power supply of bigger power." />
                                        
                                        <Text TextId="TOK_Name_ErrorType7" Value="Over current" />
                                        <Text TextId="TOK_HelpName_ErrorType7" Value="Short circuit of driver UVW and PE output. Check if motor power cable connection is correct Driver is broken, change driver." />
                                        
                                        <Text TextId="TOK_Name_ErrorType8" Value="Chop resister abnormal" />
                                        <Text TextId="TOK_HelpName_ErrorType8" Value="Not configure correct brake resistor parameters. Open software Driver-> Panelmenu->F005)controller setting Correctly set brake resistor value an brake resistor power." />
                                        
                                        <Text TextId="TOK_Name_ErrorType9" Value="Following error" />
                                        <Text TextId="TOK_HelpName_ErrorType9" Value="1.Stiffness of control loop is too small. Open software Driver control loop velocity loop position loop Increase kpp[0] kvp[0]. 2.Motor UVW phase sequence is incorrect. Exchanging wire of U and V. 3.The controller and motor together can't match the requirement of the application. Change motor and driver with bigger power. 4.Max_Following_Error is too small. Open software Driver control loop velocity loop position loop Increase max_following_error (Ensure control loop parameters is fine, user can change this parameter)." />
                                        
                                        <Text TextId="TOK_Name_ErrorType10" Value="Low logic voltage" />
                                        <Text TextId="TOK_HelpName_ErrorType10" Value="Logic voltage is less than 18V,power supply voltage is pulled down. Check if power supply output power can meet with requirements Change power supply with bigger power." />
                                        
                                        <Text TextId="TOK_Name_ErrorType11" Value="Motor or controller IIt" />
                                        <Text TextId="TOK_HelpName_ErrorType11" Value="1.The brake is not released when the motor shaft is rotating (only for brake motor). Check if brake cable wiring is correct Check brake power can meet with the requirements (output voltage is DC24V, input current is 1A, output power is bigger than 24W). 2.Machine equipment stuck or excessive friction. Cancel motor enable, or power off driver Please drag load to make it move back and forth in motor's running route. Ensure that there is no machine equipment stuck or excessive friction Add lubricate. 3.Motor UVW phase sequence is incorrect. Exchange motor wiring of phase U and phase V." />
                                        
                                        <Text TextId="TOK_Name_ErrorType12" Value="Motor excitation or information error" />
                                        <Text TextId="TOK_HelpName_ErrorType12" Value="Incremental encoder: Motor UVW phase sequence is wrong or encoder is not connected. Magnetoelectric encoder: Communication is incorrect when the encoder is initialized. The encoder type is wrong, e.g. an unknown encoder is connected. The data stored in the encoder is wrong. The controller can ' t support the current encoder type." />
                                        
                                        <Text TextId="TOK_Name_ErrorType13" Value="EEPROM data error" />
                                        <Text TextId="TOK_HelpName_ErrorType13" Value="Data is damaged when the power is turned on and data is read from the EEPROM. Open software Driver->Init Save Reboot Click Init Control Parameters ->Save Control Parameters->Save Motor Parameters->Reboot Import cdi file by software." />
                                        
                                        <Text TextId="TOK_Name_ErrorType14" Value="Motor configuration" />
                                        <Text TextId="TOK_HelpName_ErrorType14" Value="Motor type is not auto-recognized, no motor data in EEPROM / motor never configured. Install a correct motor type to the controller and reboot." />
                                        
                                        <Text TextId="TOK_Name_ErrorType15" Value="Pre-enable error" />
                                        <Text TextId="TOK_HelpName_ErrorType15" Value="DIN function pre_enable is configured, but the input is inactive when the controller is enabled or should become enabled." />
                                        
                                        <Text TextId="TOK_Name_ErrorType16" Value="Position limit" />
                                        <Text TextId="TOK_HelpName_ErrorType16" Value="Position limit (after homing), position limit only causes error when Limit_Function (2010.19) is set to 0." />
                                        
                                        <Text TextId="TOK_Name_ErrorType17" Value="Network errror" />
                                        <Text TextId="TOK_HelpName_ErrorType17" Value="The PLC and the drive have been normally connected, and the network cable between the PLC and the drive was unplugged in the middle or the network was disconnected due to other reasons." />
                                        
                                        <Text TextId="TOK_Name_ErrorType18" Value="Close loop direction" />
                                        <Text TextId="TOK_HelpName_ErrorType18" Value="Different direction between motor and position encoder. Change the encoder counting direction" />
                                        
                                        <Text TextId="TOK_Name_ErrorType19" Value="Reserve1" />
                                        <Text TextId="TOK_HelpName_ErrorType19" Value="Reserve1." />
                                        
                                        <Text TextId="TOK_Name_ErrorType20" Value="Reserve2" />
                                        <Text TextId="TOK_HelpName_ErrorType20" Value="Reserve2." />
					
					<!--other text definitions-->
					<Text TextId="T_general_parameter" Value="general parameter"/>
				</PrimaryLanguage>
			</ExternalTextList>
		</ApplicationProcess>
	</ProfileBody>
</ISO15745Profile>